deal_slug,target_name,acquirer,date_announced,primary_url,is_reference
verso-corp,VERSO CORP,BillerudKronas,2021-12-19,https://www.sec.gov/Archives/edgar/data/1421182/0001140361-22-004143-index.htm,false
arena-pharmaceuticals-inc,ARENA PHARMACEUTICALS INC,PFIZER INC,2021-12-13,https://www.sec.gov/Archives/edgar/data/1080709/0001140361-22-000190-index.htm,false
corepoint-lodging-inc,COREPOINT LODGING INC,Highgate Holdings and Cerberus Capital Management,2021-11-08,https://www.sec.gov/Archives/edgar/data/1707178/0001193125-22-010050-index.htm,false
mcafee-corp,MCAFEE CORP,NA,2021-11-08,https://www.sec.gov/Archives/edgar/data/1783317/0001193125-22-001754-index.htm,false
neophotonics-corp,NEOPHOTONICS CORP,LUMENTUM HOLDINGS INC,2021-11-04,https://www.sec.gov/Archives/edgar/data/1227025/0001193125-21-366285-index.htm,false
kraton-corp,KRATON CORP,"DL Chemical Co., Ltd.",2021-09-27,https://www.sec.gov/Archives/edgar/data/1321646/0001193125-21-320389-index.htm,false
sanderson-farms-inc,SANDERSON FARMS INC,NA,2021-08-09,https://www.sec.gov/Archives/edgar/data/812128/0001193125-21-270957-index.htm,false
g-p-strategies-corp,G P STRATEGIES CORP,LTG,2021-07-15,https://www.sec.gov/Archives/edgar/data/70415/0001193125-21-254262-index.htm,false
qad-inc,QAD INC,Thoma Bravo,2021-06-28,https://www.sec.gov/Archives/edgar/data/1036188/0001104659-21-113961-index.htm,false
sharpspring-inc,SHARPSPRING INC,Constant Contact,2021-06-22,https://www.sec.gov/Archives/edgar/data/1506439/0001104659-21-098124-index.htm,false
raven-industries-inc,RAVEN INDUSTRIES INC,C N H INDUSTRIAL N V,2021-06-21,https://www.sec.gov/Archives/edgar/data/82166/0000950103-21-012056-index.htm,false
lydall-inc,LYDALL INC,Unifrax Holding Co.,2021-06-21,https://www.sec.gov/Archives/edgar/data/60977/0001104659-21-102941-index.htm,false
c-a-i-international-inc,C A I INTERNATIONAL INC,Mitsubishi HC Capital Inc.,2021-06-17,https://www.sec.gov/Archives/edgar/data/1388430/0001140361-21-026767-index.htm,false
kindred-biosciences-inc,KINDRED BIOSCIENCES INC,ELANCO ANIMAL HEALTH INC,2021-06-16,https://www.sec.gov/Archives/edgar/data/1561743/0001561743-21-000060-index.htm,false
q-t-s-realty-trust-inc,Q T S REALTY TRUST INC,BLACKSTONE GROUP INC,2021-06-07,https://www.sec.gov/Archives/edgar/data/1577368/0001104659-21-094232-index.htm,false
cloudera-inc,CLOUDERA INC,Kohlberg Kravid Roberts & Co. L.P.,2021-06-01,https://www.sec.gov/Archives/edgar/data/1535379/0001193125-21-218669-index.htm,false
bowl-america-inc,BOWL AMERICA INC,Bowlero Corp.,2021-05-28,https://www.sec.gov/Archives/edgar/data/13573/0001437749-21-016853-index.htm,false
ferro-corp,FERRO CORP,PMHC II Inc. (Prince),2021-05-11,https://www.sec.gov/Archives/edgar/data/35214/0001193125-21-223139-index.htm,false
soliton-inc,SOLITON INC,ABBVIE INC,2021-05-10,https://www.sec.gov/Archives/edgar/data/1548187/0001193125-21-190572-index.htm,false
meredith-corp,MEREDITH CORP,GRAY TELEVISION INC,2021-05-03,https://www.sec.gov/Archives/edgar/data/65011/0001193125-21-323133-index.htm,false
proofpoint-inc,PROOFPOINT INC,Thoma Bravo,2021-04-26,https://www.sec.gov/Archives/edgar/data/1212458/0001140361-21-020729-index.htm,false
orbcomm-inc,ORBCOMM INC,GI Partners,2021-04-08,https://www.sec.gov/Archives/edgar/data/1361983/0001193125-21-175415-index.htm,false
talend-sa,TALEND SA,Thoma Bravo,2021-03-10,https://www.sec.gov/Archives/edgar/data/1668105/0001104659-21-082910-index.htm,false
synacor-inc,SYNACOR INC,"CLP SY Holding, LLC",2021-02-11,https://www.sec.gov/Archives/edgar/data/1408278/0001193125-21-066447-index.htm,false
glu-mobile-inc,GLU MOBILE INC,ELECTRONIC ARTS INC,2021-02-08,https://www.sec.gov/Archives/edgar/data/1366246/0001104659-21-041241-index.htm,false
perspecta-inc,PERSPECTA INC,Veritas Capital Fund,2021-01-27,https://www.sec.gov/Archives/edgar/data/1724670/0001140361-21-011429-index.htm,false
alaska-communications-sys-grp-in,ALASKA COMMUNICATIONS SYS GRP IN,"ATN International, Inc.",2021-01-04,https://www.sec.gov/Archives/edgar/data/1089511/0001193125-21-034247-index.htm,false
red-lion-hotels-corp,RED LION HOTELS CORP,Sonesta International Hotels Corporation,2020-12-30,https://www.sec.gov/Archives/edgar/data/1052595/0001193125-21-033478-index.htm,false
p-r-g-x-global-inc,P R G X GLOBAL INC,"Ardian North America Fund II, L.P.",2020-12-24,https://www.sec.gov/Archives/edgar/data/1007330/0001193125-21-022606-index.htm,false
h-m-s-holdings-corp,H M S HOLDINGS CORP,"Veritas Capital Fund Management, L.L.C.",2020-12-21,https://www.sec.gov/Archives/edgar/data/1196501/0001047469-21-000410-index.htm,false
pluralsight-inc,PLURALSIGHT INC,"Vista Equity Partners Management, LLC",2020-12-13,https://www.sec.gov/Archives/edgar/data/1725579/0001193125-21-021711-index.htm,false
collectors-universe-inc,COLLECTORS UNIVERSE INC,Cards Parent LP,2020-11-30,https://www.sec.gov/Archives/edgar/data/1089143/0001193125-20-319652-index.htm,false
telenav-inc,TELENAV INC,V99,2020-11-03,https://www.sec.gov/Archives/edgar/data/1474439/0001193125-21-004630-index.htm,false
virtusa-corp,VIRTUSA CORP,Baring Private Equity Asia Pte. Limited,2020-09-10,https://www.sec.gov/Archives/edgar/data/1207074/0001104659-20-116258-index.htm,false
majesco,MAJESCO,Thoma Bavo,2020-07-20,https://www.sec.gov/Archives/edgar/data/1626853/0001213900-20-023369-index.htm,false
innerworkings-inc,INNERWORKINGS INC,HH Global Group,2020-07-16,https://www.sec.gov/Archives/edgar/data/1350381/0001193125-20-227137-index.htm,false
adesto-technologies-corp,ADESTO TECHNOLOGIES CORP,Dialog Semiconductor plc,2020-02-20,https://www.sec.gov/Archives/edgar/data/1395848/0001047469-20-001880-index.htm,false
habit-restaurants-inc,HABIT RESTAURANTS INC,YUM BRANDS INC,2020-01-06,https://www.sec.gov/Archives/edgar/data/1617977/0001193125-20-041391-index.htm,false
anixter-international-inc,ANIXTER INTERNATIONAL INC,"Clayton, Dubilier & Rice (CD&R)",2019-12-24,https://www.sec.gov/Archives/edgar/data/52795/0001193125-20-000960-index.htm,false
logmein-inc,LOGMEIN INC,Francisco Partners,2019-12-17,https://www.sec.gov/Archives/edgar/data/1420302/0001193125-20-028161-index.htm,false
tech-data-corp,TECH DATA CORP,APOLLO GLOBAL MANAGEMENT INC,2019-11-13,https://www.sec.gov/Archives/edgar/data/790703/0001193125-20-005107-index.htm,false
diversified-restaurant-hldgs-inc,DIVERSIFIED RESTAURANT HLDGS INC,ICV Partners,2019-11-06,https://www.sec.gov/Archives/edgar/data/1394156/0001047469-19-006490-index.htm,false
pattern-energy-group-inc,PATTERN ENERGY GROUP INC,Canada Pension Plan investment Board,2019-11-04,https://www.sec.gov/Archives/edgar/data/1561660/0001193125-20-024256-index.htm,false
fitbit-inc,FITBIT INC,Google LLC,2019-11-01,https://www.sec.gov/Archives/edgar/data/1447599/0001628280-19-015006-index.htm,false
innophos-holdings-inc,INNOPHOS HOLDINGS INC,"One Rock Capital Partners, LLC",2019-10-21,https://www.sec.gov/Archives/edgar/data/1364099/0001193125-19-307511-index.htm,false
r-a-pharmaceuticals-inc,R A PHARMACEUTICALS INC,UCB S.A,2019-10-10,https://www.sec.gov/Archives/edgar/data/1481512/0001047469-19-006321-index.htm,false
roan-resources-inc,ROAN RESOURCES INC,"Citizen Energy operating, LLC",2019-10-01,https://www.sec.gov/Archives/edgar/data/1326428/0001193125-19-282448-index.htm,false
castle-brands-inc,CASTLE BRANDS INC,Pernod Ricard S.A,2019-08-28,https://www.sec.gov/Archives/edgar/data/1311538/0001047469-19-005133-index.htm,false
presidio-inc,PRESIDIO INC,BC Partners Advisors L.P,2019-08-14,https://www.sec.gov/Archives/edgar/data/1631825/0001193125-19-263069-index.htm,false
wesco-aircraft-holdings-inc,WESCO AIRCRAFT HOLDINGS INC,"Platinum Equity Advisors, LLC",2019-08-09,https://www.sec.gov/Archives/edgar/data/1378718/0001047469-19-005228-index.htm,false
monotype-imaging-holdings-inc,MONOTYPE IMAGING HOLDINGS INC,"HGGC, LLC",2019-07-26,https://www.sec.gov/Archives/edgar/data/1385292/0001193125-19-240539-index.htm,false
omnova-solutions-inc,OMNOVA SOLUTIONS INC,Synthomer,2019-07-03,https://www.sec.gov/Archives/edgar/data/1090061/0001193125-19-240538-index.htm,false
genesee-wyoming-inc,GENESEE & WYOMING INC,Brookfield Infrastructure Group,2019-07-01,https://www.sec.gov/Archives/edgar/data/1012620/0001193125-19-225352-index.htm,false
del-frisco-s-restaurant-group-inc,"DEL FRISCOâ€™S RESTAURANT GROUP, INC.",L Catterton Management Limited,2019-07-01,https://www.sec.gov/Archives/edgar/data/1415301/000119312519213542/d733221ddefm14a.htm#toc733221_43,false
sothebys,SOTHEBYS,BidFair,2019-06-17,https://www.sec.gov/Archives/edgar/data/823094/0001193125-19-214671-index.htm,false
medidata-solutions-inc,MEDIDATA SOLUTIONS INC,Dassault SystÃ¨mes S.E.,2019-06-12,https://www.sec.gov/Archives/edgar/data/1453814/0001140361-19-013217-index.htm,false
shutterfly-inc,SHUTTERFLY INC,APOLLO GLOBAL MANAGEMENT LLC,2019-06-10,https://www.sec.gov/Archives/edgar/data/1125920/0001193125-19-207019-index.htm,false
el-paso-electric-co,EL PASO ELECTRIC CO,JPMORGAN CHASE & CO,2019-06-03,https://www.sec.gov/Archives/edgar/data/31978/0001140361-19-014051-index.htm,false
cypress-semiconductor-corp,CYPRESS SEMICONDUCTOR CORP,Infineon,2019-06-03,https://www.sec.gov/Archives/edgar/data/791915/0001047469-19-004210-index.htm,false
cray-inc,CRAY INC,HEWLETT PACKARD ENTERPRISE CO,2019-05-17,https://www.sec.gov/Archives/edgar/data/949158/0001628280-19-008343-index.htm,false
control4-corp,CONTROL4 CORP,Wirepath Home Systems LLC,2019-05-09,https://www.sec.gov/Archives/edgar/data/1259515/0001047469-19-003780-index.htm,false
zayo-group-holdings-inc,ZAYO GROUP HOLDINGS INC,"EQT Partners Inc. and Digital Colony Partners, LP",2019-05-08,https://www.sec.gov/Archives/edgar/data/1608249/0001140361-19-011577-index.htm,false
intermolecular-inc,INTERMOLECULAR INC,Merck KGaA (MKDG),2019-05-06,https://www.sec.gov/Archives/edgar/data/1311241/0001193125-19-170789-index.htm,false
wageworks-inc,WAGEWORKS INC,HEALTHEQUITY INC,2019-04-30,https://www.sec.gov/Archives/edgar/data/1158863/0001193125-19-204872-index.htm,false
c-a-s-medical-systems-inc,C A S MEDICAL SYSTEMS INC,EDWARDS LIFESCIENCES CORP,2019-02-12,https://www.sec.gov/Archives/edgar/data/764579/0001144204-19-013709-index.htm,false
mindbody-inc,MINDBODY INC,"Vista Equity Partners Management, LLC",2018-12-24,https://www.sec.gov/Archives/edgar/data/1458962/0001193125-19-014341-index.htm,false
civitas-solutions-inc,CIVITAS SOLUTIONS INC,"Centerbridge Partners, L.P",2018-12-18,https://www.sec.gov/Archives/edgar/data/1608638/0001193125-19-039441-index.htm,false
apptio-inc,APPTIO INC,"Vista Equity Partners Management, LLC",2018-11-11,https://www.sec.gov/Archives/edgar/data/1419625/0001193125-18-345430-index.htm,false
bojangles-inc,BOJANGLES INC,"Durational Capital Management, LP",2018-11-06,https://www.sec.gov/Archives/edgar/data/1630132/0001193125-18-345505-index.htm,false
electro-scientific-inds-inc,ELECTRO SCIENTIFIC INDS INC,M K S INSTRUMENTS INC,2018-10-30,https://www.sec.gov/Archives/edgar/data/726514/0001140361-18-044685-index.htm,false
red-hat-inc,RED HAT INC,INTERNATIONAL BUSINESS MACHS COR,2018-10-28,https://www.sec.gov/Archives/edgar/data/1087423/0001193125-18-347874-index.htm,false
endocyte-inc,ENDOCYTE INC,NOVARTIS A G,2018-10-18,https://www.sec.gov/Archives/edgar/data/1235007/0001047469-18-007270-index.htm,false
imperva-inc,IMPERVA INC,"Thoma Bravo, LLC",2018-10-10,https://www.sec.gov/Archives/edgar/data/1364962/0001193125-18-343681-index.htm,false
esterline-technologies-corp,ESTERLINE TECHNOLOGIES CORP,TRANSDIGM GROUP INC,2018-10-10,https://www.sec.gov/Archives/edgar/data/33619/0001193125-18-339843-index.htm,false
cafepress-inc,CAFEPRESS INC,"Snapfish, LLC",2018-09-28,https://www.sec.gov/Archives/edgar/data/1117733/0001193125-18-297975-index.htm,false
sonic-corp,SONIC CORP,"Inspire Brands, Inc.",2018-09-25,https://www.sec.gov/Archives/edgar/data/868611/0001193125-18-317764-index.htm,false
nevada-gold-casinos-inc,NEVADA GOLD & CASINOS INC,Maverick Casino LLC,2018-09-18,https://www.sec.gov/Archives/edgar/data/277058/0001144204-19-002713-index.htm,false
command-security-corp,COMMAND SECURITY CORP,Prosegur SIS (USA) Inc.,2018-09-18,https://www.sec.gov/Archives/edgar/data/864509/0001493152-18-015134-index.htm,false
integrated-device-technology,INTEGRATED DEVICE TECHNOLOGY,Renesas Electronics Corporation,2018-09-10,https://www.sec.gov/Archives/edgar/data/703361/0001193125-18-341203-index.htm,false
supervalu-inc,SUPERVALU INC,UNITED NATURAL FOODS INC,2018-07-26,https://www.sec.gov/Archives/edgar/data/95521/0001140361-18-038679-index.htm,false
syntel-inc,SYNTEL INC,Atos S.E.,2018-07-22,https://www.sec.gov/Archives/edgar/data/1040426/0001193125-18-259483-index.htm,false
c-a-inc,C A INC,BROADCOM INC,2018-07-11,https://www.sec.gov/Archives/edgar/data/356028/0001193125-18-246044-index.htm,false
echelon-corp,ECHELON CORP,ADESTO TECHNOLOGIES CORP,2018-06-29,https://www.sec.gov/Archives/edgar/data/31347/0001193125-18-232076-index.htm,false
radisys-corp,RADISYS CORP,Reliance Industries Limited (RIL),2018-06-29,https://www.sec.gov/Archives/edgar/data/873044/0001193125-18-246139-index.htm,false
vectren-corp,VECTREN CORP,CENTERPOINT ENERGY INC,2018-04-23,https://www.sec.gov/Archives/edgar/data/1096385/0001193125-18-218284-index.htm,false
analogic-corp,ANALOGIC CORP,"Altaris Capital Partners, LLC",2018-04-10,https://www.sec.gov/Archives/edgar/data/6284/0001193125-18-165378-index.htm,false
verifone-systems-inc,VERIFONE SYSTEMS INC,Francisco Partners,2018-04-09,https://www.sec.gov/Archives/edgar/data/1312073/0001193125-18-169570-index.htm,false
bravo-brio-restaurant-group-inc,BRAVO BRIO RESTAURANT GROUP INC,Spice Private Equity (Bermuda) Ltd.,2018-03-07,https://www.sec.gov/Archives/edgar/data/1495479/0001193125-18-121238-index.htm,false
microsemi-corp,MICROSEMI CORP,MICROCHIP TECHNOLOGY INC,2018-03-01,https://www.sec.gov/Archives/edgar/data/310568/0001144204-18-021362-index.htm,false
c-s-r-a-inc,C S R A INC,GENERAL DYNAMICS CORP,2018-02-09,https://www.sec.gov/Archives/edgar/data/1646383/0001193125-18-079712-index.htm,false
8point3-energy-partners-lp,8POINT3 ENERGY PARTNERS LP,"Capital Dynamics Clean Energy Infrastructure V JC, LLC",2018-02-05,https://www.sec.gov/Archives/edgar/data/1635581/0001193125-18-110072-index.htm,false
u-s-geothermal-inc,U S GEOTHERMAL INC,ORMAT TECHNOLOGIES INC,2018-01-24,https://www.sec.gov/Archives/edgar/data/1172136/0001062993-18-001265-index.htm,false
kindred-healthcare-inc,KINDRED HEALTHCARE INC,"TPG Global, LLC (TPG), Welsh, Carson, Anderson & Stowe (WCAS), and Humana",2017-12-19,https://www.sec.gov/Archives/edgar/data/1060009/0001193125-18-051132-index.htm,false
snyders-lance-inc,SNYDERS LANCE INC,CAMPBELL SOUP CO,2017-12-18,https://www.sec.gov/Archives/edgar/data/57528/0001174947-18-000230-index.htm,false
barracuda-networks-inc,BARRACUDA NETWORKS INC,"Thoma Bravo, LLC",2017-11-27,https://www.sec.gov/Archives/edgar/data/1348334/0001193125-18-007375-index.htm,false
bazaarvoice-inc,BAZAARVOICE INC,Marlin Equity Partners,2017-11-27,https://www.sec.gov/Archives/edgar/data/1330421/0001193125-17-378789-index.htm,false
silver-spring-networks-inc,SILVER SPRING NETWORKS INC,ITRON INC,2017-09-18,https://www.sec.gov/Archives/edgar/data/1180079/0001567619-17-002340-index.htm,false
pharmerica-corp,PHARMERICA CORP,Kohlberg Kravis Roberts & Co. L.P. and WBA,2017-08-02,https://www.sec.gov/Archives/edgar/data/1388195/0001567619-17-002126-index.htm,false
clubcorp-holdings-inc,CLUBCORP HOLDINGS INC,APOLLO GLOBAL MANAGEMENT LLC,2017-07-09,https://www.sec.gov/Archives/edgar/data/1577095/0001047469-17-005072-index.htm,false
west-marine-inc,WEST MARINE INC,Monomoy,2017-06-29,https://www.sec.gov/Archives/edgar/data/912833/0001144204-17-042353-index.htm,false
staples-inc,STAPLES INC,"Sycamore Partners Management, L.P.",2017-06-28,https://www.sec.gov/Archives/edgar/data/791519/0001047469-17-004941-index.htm,false
a-r-i-network-services-inc,A R I NETWORK SERVICES INC,"True Wind Capital, L.P.",2017-06-21,https://www.sec.gov/Archives/edgar/data/879796/0000930413-17-002760-index.htm,false
covisint-corp,COVISINT CORP,OPEN TEXT CORP,2017-06-05,https://www.sec.gov/Archives/edgar/data/1563699/0001193125-17-212409-index.htm,false
nutraceutical-international-corp,NUTRACEUTICAL INTERNATIONAL CORP,"HGGC, LLC",2017-05-22,https://www.sec.gov/Archives/edgar/data/1050007/0001047469-17-004735-index.htm,false
west-corp,WEST CORP,APOLLO GLOBAL MANAGEMENT LLC,2017-05-09,https://www.sec.gov/Archives/edgar/data/1024657/0001193125-17-215084-index.htm,false
v-w-r-corp,V W R CORP,"Avantor, Inc.",2017-05-05,https://www.sec.gov/Archives/edgar/data/1412232/0001193125-17-202703-index.htm,false
fortress-investment-group-l-l-c,FORTRESS INVESTMENT GROUP L L C,Softbank Group Corp. and F.A.B. Partners LP,2017-04-10,https://www.sec.gov/Archives/edgar/data/1380393/0001193125-17-197197-index.htm,false
t-r-c-companies-inc,T R C COMPANIES INC,"New Mountain Capital, L.L.C.",2017-03-31,https://www.sec.gov/Archives/edgar/data/103096/0001047469-17-003253-index.htm,false
l-m-i-aerospace-inc,L M I AEROSPACE INC,Sonaca S.A.,2017-02-16,https://www.sec.gov/Archives/edgar/data/1059562/0001626129-17-000284-index.htm,false
ixia,IXIA,KEYSIGHT TECHNOLOGIES INC,2017-01-30,https://www.sec.gov/Archives/edgar/data/1120295/0001567619-17-000443-index.htm,false
mentor-graphics-corp,MENTOR GRAPHICS CORP,Siemens AG,2016-11-14,https://www.sec.gov/Archives/edgar/data/701811/0001193125-17-000979-index.htm,false
tubemogul-inc,TUBEMOGUL INC,ADOBE SYSTEMS INC,2016-11-10,https://www.sec.gov/Archives/edgar/data/1449278/0001047469-16-016817-index.htm,false
states-that-additional-strategic-bidders-were-also-involved-but-does-not-say-when-they-signed-nda-nor-give-any-details-about-their-bids,"*States that ""additional strategic bidders were also involved"" but does not say when they signed NDA, nor give any details about their bids",ADOBE SYSTEMS INC,2016-11-10,https://www.sec.gov/Archives/edgar/data/1449278/0001047469-16-016817-index.htm,false
datalink-corp,DATALINK CORP,INSIGHT ENTERPRISES INC,2016-11-07,https://www.sec.gov/Archives/edgar/data/1056923/0001047469-16-016984-index.htm,false
cabelas-inc,CABELAS INC,"Bass Pro Group, LLC",2016-10-03,https://www.sec.gov/Archives/edgar/data/1267130/0001193125-17-193609-index.htm,false
chemtura-corp,CHEMTURA CORP,Lanxess AG,2016-09-25,https://www.sec.gov/Archives/edgar/data/1091862/0001047469-16-017306-index.htm,false
d-t-s-inc,D T S INC,TESSERA TECHNOLOGIES INC,2016-09-20,https://www.sec.gov/Archives/edgar/data/1226308/0001193125-16-744017-index.htm,false
infoblox-inc,INFOBLOX INC,"Vista Equity Partners Fund VI., L.P.",2016-09-19,https://www.sec.gov/Archives/edgar/data/1223862/0001193125-16-733214-index.htm,false
although-the-background-mentions-the-sale-process-where-a-few-parties-are-involved-we-only-have-information-on-vista-s-nda-and-bids,"*Although the Background mentions the sale process, where a few parties are involved, we only have information on Vista's NDA and bids.","Vista Equity Partners Fund VI., L.P.",2016-09-19,https://www.sec.gov/Archives/edgar/data/1223862/0001193125-16-733214-index.htm,false
cepheid,CEPHEID,DANAHER CORP,2016-09-06,https://www.sec.gov/Archives/edgar/data/1037760/0001193125-16-733208-index.htm,false
c-s-t-brands-inc,C S T BRANDS INC,Couche-Tard,2016-08-22,https://www.sec.gov/Archives/edgar/data/1562039/0001193125-16-734728-index.htm,false
press-ganey-holdings-inc,PRESS GANEY HOLDINGS INC,"EQT Partners, Inc.",2016-08-09,https://www.sec.gov/Archives/edgar/data/1633142/0001047469-16-015574-index.htm,false
epiq-systems-inc,EPIQ SYSTEMS INC,"OMERS Private Markets and Harvest Partners, LP",2016-07-27,https://www.sec.gov/Archives/edgar/data/1027207/0001193125-16-690111-index.htm,false
outerwall-inc,OUTERWALL INC,APOLLO GLOBAL MANAGEMENT LLC,2016-07-25,https://www.sec.gov/Archives/edgar/data/941604/0001193125-16-672627-index.htm,false
although-the-background-mentions-the-sale-process-where-a-few-parties-are-involved-we-only-have-information-on-apollo-management-viii-s-nda-and-bids,"*Although the Background mentions the sale process, where a few parties are involved, we only have information on Apollo (""Management VIII"")'s NDA and bids.",APOLLO GLOBAL MANAGEMENT LLC,2016-07-25,https://www.sec.gov/Archives/edgar/data/941604/0001193125-16-672627-index.htm,false
american-science-engr-inc,AMERICAN SCIENCE & ENGR INC,O S I SYSTEMS INC,2016-06-21,https://www.sec.gov/Archives/edgar/data/5768/0001047469-16-014325-index.htm,false
elizabeth-arden-inc,ELIZABETH ARDEN INC,REVLON INC,2016-06-16,https://www.sec.gov/Archives/edgar/data/95052/0001193125-16-673627-index.htm,false
qlik-technologies-inc,QLIK TECHNOLOGIES INC,"Thoma Bravo, LLC",2016-06-02,https://www.sec.gov/Archives/edgar/data/1305294/0001193125-16-642539-index.htm,false
marketo-inc,MARKETO INC,"Vista Equity Partners Management, LLC",2016-05-31,https://www.sec.gov/Archives/edgar/data/1490660/0001047469-16-014075-index.htm,false
f-e-i-company,F E I COMPANY,THERMO FISHER SCIENTIFIC INC,2016-05-27,https://www.sec.gov/Archives/edgar/data/914329/0001193125-16-660103-index.htm,false
incontact-inc,INCONTACT INC,NICE SYSTEMS LTD,2016-05-18,https://www.sec.gov/Archives/edgar/data/1087934/0001193125-16-646366-index.htm,false
wafergen-bio-systems-inc,WAFERGEN BIO SYSTEMS INC,"Takara Bio, Inc.",2016-05-13,https://www.sec.gov/Archives/edgar/data/1368993/0001368993-16-000148-index.htm,false
lexmark-international-inc-new,LEXMARK INTERNATIONAL INC NEW,"Apex Technology Co., Ltd., PAG Asia Capital and Legend Capital",2016-04-19,https://www.sec.gov/Archives/edgar/data/1001288/0001193125-16-624155-index.htm,false
valspar-corp,VALSPAR CORP,SHERWIN WILLIAMS CO,2016-03-20,https://www.sec.gov/Archives/edgar/data/102741/0001193125-16-602436-index.htm,false
rofin-sinar-technologies-inc,ROFIN SINAR TECHNOLOGIES INC,COHERENT INC,2016-03-16,https://www.sec.gov/Archives/edgar/data/1019361/0001571049-16-015521-index.htm,false
carmike-cinemas-inc,CARMIKE CINEMAS INC,A M C ENTERTAINMENT HOLDINGS INC,2016-03-03,https://www.sec.gov/Archives/edgar/data/799088/0001193125-16-599026-index.htm,false
newport-corp,NEWPORT CORP,M K S INSTRUMENTS INC,2016-02-23,https://www.sec.gov/Archives/edgar/data/225263/0001047469-16-011706-index.htm,false
a-d-t-corp,A D T CORP,APOLLO GLOBAL MANAGEMENT LLC,2016-02-16,https://www.sec.gov/Archives/edgar/data/1546640/0001193125-16-517524-index.htm,false
empire-district-elec-co,EMPIRE DISTRICT ELEC CO,Algonquin Power & Utilities Corp.,2016-02-09,https://www.sec.gov/Archives/edgar/data/32689/0001047469-16-012821-index.htm,false
multi-fineline-electronix-inc,MULTI FINELINE ELECTRONIX INC,"Dongshan Precision Manufacturing Co., Ltd. (DSBJ)",2016-02-04,https://www.sec.gov/Archives/edgar/data/830916/0001193125-16-564262-index.htm,false
questar-corp,QUESTAR CORP,DOMINION RESOURCES INC VA NEW,2016-02-01,https://www.sec.gov/Archives/edgar/data/751652/0001193125-16-530920-index.htm,false
alere-inc,ALERE INC,ABBOTT LABORATORIES,2016-02-01,https://www.sec.gov/Archives/edgar/data/1145460/0001193125-16-718754-index.htm,false
axiall-corp,AXIALL CORP,WESTLAKE CHEMICAL CORP,2016-01-29,https://www.sec.gov/Archives/edgar/data/805264/000119312516665755/d118249ddefm14a.htm,false
affymetrix-inc,AFFYMETRIX INC,THERMO FISHER SCIENTIFIC INC,2016-01-08,https://www.sec.gov/Archives/edgar/data/913077/0001193125-16-475795-index.htm,false
blount-international-inc-new,BLOUNT INTERNATIONAL INC NEW,American Securities LLC,2015-12-10,https://www.sec.gov/Archives/edgar/data/1001606/0001193125-16-497438-index.htm,false
mattson-technology-inc,MATTSON TECHNOLOGY INC,"Beijing E-Town International investment & Development Co., Ltd.",2015-12-02,https://www.sec.gov/Archives/edgar/data/928421/0001193125-16-467290-index.htm,false
liberator-medical-holdings-inc,LIBERATOR MEDICAL HOLDINGS INC,BARD C R INC,2015-11-20,https://www.sec.gov/Archives/edgar/data/17485/0001193125-15-416222-index.htm,false
reald-inc,REALD INC,"Rizvi Traverse Management, LLC",2015-11-09,https://www.sec.gov/Archives/edgar/data/1327471/0001047469-16-009708-index.htm,false
medassets-inc,MEDASSETS INC,Pamplona Capital Management LLP,2015-11-02,https://www.sec.gov/Archives/edgar/data/1254419/0001193125-15-395518-index.htm,false
piedmont-natural-gas-inc,PIEDMONT NATURAL GAS INC,Duke Energy Corporation,2015-10-26,https://www.sec.gov/Archives/edgar/data/78460/0001193125-15-402439-index.htm,false
solarwinds-inc,SOLARWINDS INC,Thoma Bravo LLC and Silver Lake Partners,2015-10-21,https://www.sec.gov/Archives/edgar/data/1428669/0001047469-15-009226-index.htm,false
fx-energy-inc,FX ENERGY INC,ORLEN Upstream Sp. z o.o.,2015-10-13,https://www.sec.gov/Archives/edgar/data/907649/0001047469-15-009321-index.htm,false
u-t-i-worldwide-inc,U T I WORLDWIDE INC,DSV A/S,2015-10-09,https://www.sec.gov/Archives/edgar/data/1124827/0001193125-15-395426-index.htm,false
solera-holdings-inc,SOLERA HOLDINGS INC,Vista Equity Partners,2015-09-13,https://www.sec.gov/Archives/edgar/data/1324245/0001193125-15-358636-index.htm,false
t-e-c-o-energy-inc,T E C O ENERGY INC,Emera Inc.,2015-09-04,https://www.sec.gov/Archives/edgar/data/350563/0001193125-15-350322-index.htm,false
alteva,ALTEVA,Momentum,2015-09-03,https://www.sec.gov/Archives/edgar/data/104777/0001104659-15-069663-index.htm,false
ntelos-holdings-corp,NTELOS HOLDINGS CORP,SHENANDOAH TELECOM COMPANY (Shentel),2015-08-10,https://www.sec.gov/Archives/edgar/data/1328571/0001193125-15-342667-index.htm,false
cytec-industries-inc,CYTEC INDUSTRIES INC,Solvany SA,2015-07-29,https://www.sec.gov/Archives/edgar/data/912513/0001193125-15-352168-index.htm,false
kythera-biopharmaceuticals-inc,KYTHERA BIOPHARMACEUTICALS INC,ALLERGAN PLC,2015-06-17,https://www.sec.gov/Archives/edgar/data/1436304/0001047469-15-006949-index.htm,false
o-m-group-inc,O M GROUP INC,APOLLO GLOBAL MANAGEMENT LLC (F) and PLATFORM SPECIALITY PRODUCTS CORPORATION (S),2015-06-01,https://www.sec.gov/Archives/edgar/data/899723/0001193125-15-250362-index.htm,false
frischs-restaurants-inc,FRISCHS RESTAURANTS INC,"NRD Partners I, L.P. (""the Fund"")",2015-05-22,https://www.sec.gov/Archives/edgar/data/39047/0001144204-15-046397-index.htm,false
pall-corp,PALL CORP,DANAHER CORP,2015-05-13,https://www.sec.gov/Archives/edgar/data/75829/0001193125-15-236154-index.htm,false
dover-saddlery-inc,DOVER SADDLERY INC,"Dover Saddlery Holdings, Inc.",2015-04-14,https://www.sec.gov/Archives/edgar/data/1071625/0001047469-15-004336-index.htm,false
life-time-fitness-inc,LIFE TIME FITNESS INC,"Leonard Green & Partners, L.P. and TPG Capital, L.P.",2015-03-16,https://www.sec.gov/Archives/edgar/data/1076195/0001193125-15-159395-index.htm,false
integrated-silicon-solution-inc,INTEGRATED SILICON SOLUTION INC,Uphill Investment Co.,2015-03-12,https://www.sec.gov/Archives/edgar/data/854701/0001193125-15-149470-index.htm,false
orbitz-worldwide-inc,ORBITZ WORLDWIDE INC,EXPEDIA INC DE,2015-02-12,https://www.sec.gov/Archives/edgar/data/1394159/0001193125-15-124608-index.htm,false
riverbed-technology-inc,RIVERBED TECHNOLOGY INC,"Thoma Bravo, LLC",2014-12-15,https://www.sec.gov/Archives/edgar/data/1357326/0001193125-15-014961-index.htm,false
digital-river-inc,DIGITAL RIVER INC,"Siris Capital Group, LLC",2014-10-23,https://www.sec.gov/Archives/edgar/data/1062530/0001047469-15-000109-index.htm,false
t-i-b-c-o-software-inc,T I B C O SOFTWARE INC,"Vista Equity Partners Fund, L.P.",2014-09-29,https://www.sec.gov/Archives/edgar/data/1085280/0001193125-14-385947-index.htm,false
dresser-rand-group-inc,DRESSER RAND GROUP INC,Siemens AG,2014-09-21,https://www.sec.gov/Archives/edgar/data/1316656/0001193125-14-378790-index.htm,false
compuware-corp,COMPUWARE CORP,"Thoma Bravo, LLC",2014-09-02,https://www.sec.gov/Archives/edgar/data/859014/0001193125-14-396215-index.htm,false
x-r-s-corp,X R S CORP,"Vista Equity Partners Fund IV, L.P.",2014-09-02,https://www.sec.gov/Archives/edgar/data/854398/0001193125-14-357121-index.htm,false
international-rectifier-corp,INTERNATIONAL RECTIFIER CORP,Infineon Technologies AG,2014-08-20,https://www.sec.gov/Archives/edgar/data/316793/0001047469-14-008137-index.htm,false
omnivision-technologies-inc,OMNIVISION TECHNOLOGIES INC,"Hua Capital Management Co., Ltd, CITIC Capital Holdings Limited, Goldstone Investment Co., Ltd.,",2014-08-14,https://www.sec.gov/Archives/edgar/data/1106851/0001047469-15-005341-index.htm,false
medical-action-inds-inc,MEDICAL ACTION INDS INC,OWENS & MINOR INC NEW,2014-06-25,https://www.sec.gov/Archives/edgar/data/748270/0001171843-14-004071-index.htm,false
cbeyond-inc,CBEYOND INC,"Birch Communications, Inc.",2014-04-21,https://www.sec.gov/Archives/edgar/data/1205727/0001193125-14-227155-index.htm,false
zygo-corp,ZYGO CORP,AMETEK INC NEW,2014-04-11,https://www.sec.gov/Archives/edgar/data/730716/0000930413-14-002607-index.htm,false
hastings-entertainment-inc,HASTINGS ENTERTAINMENT INC,"National Enterntaintment Collectibles Association, Inc.",2014-03-17,https://www.sec.gov/Archives/edgar/data/1054579/0001193125-14-237288-index.htm,false
atmi-inc,ATMI INC,ENTEGRIS INC,2014-02-04,https://www.sec.gov/Archives/edgar/data/1041577/0001193125-14-094262-index.htm,false
arthrocare-corp,ARTHROCARE CORP,SMITH & NEPHEW P L C,2014-02-03,https://www.sec.gov/Archives/edgar/data/1005010/0001047469-14-003361-index.htm,false
beam-inc,BEAM INC,Suntory Holdings,2014-01-13,https://www.sec.gov/Archives/edgar/data/789073/0001193125-14-058774-index.htm,false
nupathe-inc,NUPATHE INC,Endo Health Solutions Inc.,2014-01-06,https://www.sec.gov/Archives/edgar/data/1375200/0001047469-13-011365-index.htm,false
food-technology-service-inc,FOOD TECHNOLOGY SERVICE INC,Sterigenics International LLC,2013-12-06,https://www.sec.gov/Archives/edgar/data/868267/0001193125-14-026444-index.htm,false
costa-inc,COSTA INC,Essilor International SA,2013-11-08,https://www.sec.gov/Archives/edgar/data/25793/0001193125-13-481022-index.htm,false
anaren-inc,ANAREN INC,Veritas Capital,2013-11-04,https://www.sec.gov/Archives/edgar/data/6314/0001437749-13-016298-index.htm,false
zoltek-companies-inc,ZOLTEK COMPANIES INC,"Toray Industries, Inc.",2013-09-26,https://www.sec.gov/Archives/edgar/data/890923/0001437749-13-015866-index.htm,false
flow-international-corp,FLOW INTERNATIONAL CORP,American Industrial Partners,2013-09-25,https://www.sec.gov/Archives/edgar/data/713002/0001174947-13-000387-index.htm,false
m-t-r-gaming-group,M T R GAMING GROUP,Eldorado HoldCo LLC,2013-09-09,https://www.sec.gov/Archives/edgar/data/834162/0001047469-14-005682-index.htm,false
globecomm-systems-inc,GLOBECOMM SYSTEMS INC,Wasserstein & Co.,2013-08-26,https://www.sec.gov/Archives/edgar/data/1031028/0001193125-13-405307-index.htm,false
volterra-semiconductor-corp,VOLTERRA SEMICONDUCTOR CORP,MAXIM INTEGRATED PRODUCTS INC,2013-08-15,https://www.sec.gov/Archives/edgar/data/1050550/0001193125-13-352895-index.htm,false
s-h-f-l-entertainment-inc,S H F L ENTERTAINMENT INC,BALLY TECHNOLOGIES INC,2013-07-16,https://www.sec.gov/Archives/edgar/data/718789/0001193125-13-400478-index.htm,false
belo-corp,BELO CORP,GANNETT CO INC,2013-06-13,https://www.sec.gov/Archives/edgar/data/356080/0001193125-13-342196-index.htm,false
nv-energy-inc,NV ENERGY INC,"MidAmerican Energy Holdings Company, subsidiary of BERKSHIRE HATHAWAY INC DEL",2013-05-29,https://www.sec.gov/Archives/edgar/data/741508/0001193125-13-340806-index.htm,false
fisher-communications-inc,FISHER COMMUNICATIONS INC,SINCLAIR BROADCAST GROUP INC,2013-04-11,https://www.sec.gov/Archives/edgar/data/1034669/0001193125-13-269143-index.htm,false
hot-topic-inc,HOT TOPIC INC,"Sycamore Partners Management, L.L.C.",2013-03-07,https://www.sec.gov/Archives/edgar/data/1017712/0001193125-13-213610-index.htm,false
w-m-s-industries-inc,W M S INDUSTRIES INC,Scientific Games Corporation,2013-01-31,https://www.sec.gov/Archives/edgar/data/350077/0001193125-13-146696-index.htm,false
seacube-container-leasing-ltd,SEACUBE CONTAINER LEASING LTD,Ontario Teachers' Pension Plan Board (OTPP),2013-01-18,https://www.sec.gov/Archives/edgar/data/1487999/0001193125-13-118435-index.htm,false
energysolutions-inc,ENERGYSOLUTIONS INC,Energy Capital Partners,2013-01-07,https://www.sec.gov/Archives/edgar/data/1393744/0001047469-13-002819-index.htm,false
epocrates-inc,EPOCRATES INC,ATHENAHEALTH INC,2013-01-07,https://www.sec.gov/Archives/edgar/data/1096738/0001047469-13-000811-index.htm,false
eloqua-inc,ELOQUA INC,ORACLE CORP,2012-12-20,https://www.sec.gov/Archives/edgar/data/1375271/0001193125-13-017438-index.htm,false
intermec-inc,INTERMEC INC,HONEYWELL INTERNATIONAL INC,2012-12-09,https://www.sec.gov/Archives/edgar/data/1044590/0001193125-13-060431-index.htm,false
young-innovations-inc,YOUNG INNOVATIONS INC,Linden Capital Partners,2012-12-04,https://www.sec.gov/Archives/edgar/data/949874/0001193125-13-002467-index.htm,false
pss-world-medical-inc,PSS WORLD MEDICAL INC,MCKESSON H B O C INC,2012-10-25,https://www.sec.gov/Archives/edgar/data/920527/0001193125-13-014730-index.htm,false
cascade-corp,CASCADE CORP,The Lift Group,2012-10-22,https://www.sec.gov/Archives/edgar/data/18061/0000912057-00-051104-index.htm,false
ancestry-com-inc,ANCESTRY COM INC,Permira Advisers L.L.C.,2012-10-22,https://www.sec.gov/Archives/edgar/data/1469433/0001193125-12-487822-index.htm,false
sunrise-senior-living-inc,SUNRISE SENIOR LIVING INC,HEALTH CARE REIT INC,2012-08-22,https://www.sec.gov/Archives/edgar/data/1011064/0001047469-12-010992-index.htm,false
pervasive-software-inc,PERVASIVE SOFTWARE INC,Actian Corporation,2012-08-13,https://www.sec.gov/Archives/edgar/data/1042821/0001193125-13-126130-index.htm,false
robbins-myers-inc,ROBBINS & MYERS INC,NATIONAL OILWELL VARCO INC (NOV),2012-08-09,https://www.sec.gov/Archives/edgar/data/84290/0001193125-12-487648-index.htm,false
peets-coffee-and-tea-inc,PEETS COFFEE AND TEA INC,JAB Holdings BV,2012-07-23,https://www.sec.gov/Archives/edgar/data/917968/0001193125-12-414540-index.htm,false
brightpoint-inc,BRIGHTPOINT INC,INGRAM MICRO INC,2012-07-02,https://www.sec.gov/Archives/edgar/data/918946/0001193125-12-361393-index.htm,false
quest-software-inc,QUEST SOFTWARE INC,DELL INC,2012-07-02,https://www.sec.gov/Archives/edgar/data/1088033/0001193125-12-367137-index.htm,false
network-equipment-technologies,NETWORK EQUIPMENT TECHNOLOGIES,SONUS NETWORKS INC,2012-06-19,https://www.sec.gov/Archives/edgar/data/752431/0001193125-12-310931-index.htm,false
ramtron-international-corp,RAMTRON INTERNATIONAL CORP,CYPRESS SEMICONDUCTOR CORP,2012-06-12,https://www.sec.gov/Archives/edgar/data/849502/0001193125-12-439800-index.htm,false
while-the-deal-mentions-third-parties-with-whom-discussions-of-confidentiality-agreements-are-mentioned-it-is-unclear-how-many-there-were-of-if-they-submitted-bids-at-all,"*While the deal mentions third parties with whom discussions of confidentiality agreements are mentioned, it is unclear how many there were of if they submitted bids at all",CYPRESS SEMICONDUCTOR CORP,2012-06-12,https://www.sec.gov/Archives/edgar/data/849502/0001193125-12-439800-index.htm,false
credo-petroleum-corp,CREDO PETROLEUM CORP,Forestar Group Inc.,2012-06-04,https://www.sec.gov/Archives/edgar/data/277924/0001047469-12-008080-index.htm,false
medtox-scientific-inc,MEDTOX SCIENTIFIC INC,LABORATORY CORP AMERICA HLDGS,2012-06-04,https://www.sec.gov/Archives/edgar/data/739944/0001193125-12-285446-index.htm,false
interline-brands-inc,INTERLINE BRANDS INC,"GS Capital Partners VI L.P. and P2 Capital Partners, LLC",2012-05-29,https://www.sec.gov/Archives/edgar/data/1292900/0001047469-12-007622-index.htm,false
standard-microsystems-corp,STANDARD MICROSYSTEMS CORP,MICROCHIP TECHNOLOGY INC,2012-05-02,https://www.sec.gov/Archives/edgar/data/93384/0001140361-12-028063-index.htm,false
p-f-changs-china-bistro-inc,P F CHANGS CHINA BISTRO INC,Centerbridge Partners L.P.,2012-05-01,https://www.sec.gov/Archives/edgar/data/1039889/0001193125-12-235046-index.htm,false
gen-probe-inc-new,GEN PROBE INC NEW,HOLOGIC INC,2012-04-30,https://www.sec.gov/Archives/edgar/data/820237/0001193125-12-290144-index.htm,false
dreams-inc,DREAMS INC,"Fanatics, Inc.",2012-04-16,https://www.sec.gov/Archives/edgar/data/810829/0001193125-12-215768-index.htm,false
r-f-monolithics-inc,R F MONOLITHICS INC,Murata Manufacturing,2012-04-13,https://www.sec.gov/Archives/edgar/data/922204/0001193125-12-252188-index.htm,false
ista-pharmaceuticals-inc,ISTA PHARMACEUTICALS INC,Bausch + Lomb Inc.,2012-03-26,https://www.sec.gov/Archives/edgar/data/930553/0001193125-12-212207-index.htm,false
transcend-services-inc,TRANSCEND SERVICES INC,NUANCE COMMUNICATIONS INC,2012-03-07,https://www.sec.gov/Archives/edgar/data/858452/0001193125-12-123549-index.htm,false
archipelago-learning-inc,ARCHIPELAGO LEARNING INC,"Plato Learning, Inc.(S) and Thoma Bravo, LLC (F)",2012-03-05,https://www.sec.gov/Archives/edgar/data/1470699/0001193125-12-162558-index.htm,false
taleo-corp,TALEO CORP,ORACLE CORP,2012-02-09,https://www.sec.gov/Archives/edgar/data/1134203/0001193125-12-099365-index.htm,false
surewest-communications,SUREWEST COMMUNICATIONS,CONSOLIDATED COMMS HLDGS INC,2012-02-06,https://www.sec.gov/Archives/edgar/data/943117/0001206774-12-001734-index.htm,false
inhibitex-inc,INHIBITEX INC,BRISTOL MYERS SQUIBB CO,2012-01-07,https://www.sec.gov/Archives/edgar/data/1274913/0001193125-12-011988-index.htm,false
baldwin-technology-co-inc,BALDWIN TECHNOLOGY CO INC,"Forsyth Capital Investors, LLC",2011-12-23,https://www.sec.gov/Archives/edgar/data/805792/0001206774-12-000638-index.htm,false
winn-dixie-stores-inc,WINN DIXIE STORES INC,"BI-LO, LLC and Lone Star Fund V (U.S.), L.P.",2011-12-19,https://www.sec.gov/Archives/edgar/data/107681/0001193125-12-039067-index.htm,false
blue-coat-systems-inc,BLUE COAT SYSTEMS INC,"Thoma Bravo, LLC",2011-12-09,https://www.sec.gov/Archives/edgar/data/1095600/0001193125-12-001270-index.htm,false
valpey-fisher-corp,VALPEY FISHER CORP,C T S CORP,2011-11-17,https://www.sec.gov/Archives/edgar/data/85608/0001157523-11-007264-index.htm,false
american-dental-partners-inc,AMERICAN DENTAL PARTNERS INC,"JLL Partners, Inc.",2011-11-07,https://www.sec.gov/Archives/edgar/data/1028087/0001193125-11-346991-index.htm,false
tekelec,TEKELEC,"Siris Capital Group, LLC",2011-11-07,https://www.sec.gov/Archives/edgar/data/790705/0001193125-11-345093-index.htm,false
netlogic-microsystems-inc,NETLOGIC MICROSYSTEMS INC,BROADCOM CORP,2011-09-12,https://www.sec.gov/Archives/edgar/data/1135711/0001193125-11-276443-index.htm,false
u-q-m-technologies-inc,U Q M TECHNOLOGIES INC,Danfoss A/S,2019-01-21,https://www.sec.gov/Archives/edgar/data/315449/0001047469-19-000999-index.htm,false
genmark-diagnostics-inc,GENMARK DIAGNOSTICS INC,"Roche Holdings, Inc.",2021-03-15,https://www.sec.gov/Archives/edgar/data/1487371/0001193125-21-093357-index.htm,false
while-there-was-a-bidding-process-with-several-rounds-only-information-on-the-buyer-s-bids-and-nda-are-available,"*While there was a bidding process with several rounds, only information on the Buyer's bids and NDA are available.","Roche Holdings, Inc.",2021-03-15,https://www.sec.gov/Archives/edgar/data/1487371/0001193125-21-093357-index.htm,false
key-technology-inc,KEY TECHNOLOGY INC,Duravant LLC,2018-01-25,https://www.sec.gov/Archives/edgar/data/906193/0001193125-18-036458-index.htm,false
goldfield-corp,GOLDFIELD CORP,"First Reserve Fund XIV, L.P.",2020-11-24,https://www.sec.gov/Archives/edgar/data/42316/0001193125-20-306324-index.htm,false
seacor-holdings-inc,SEACOR HOLDINGS INC,"AMERICAN INDUSTRIAL PARTNERS CAPITAL FUND VII, L.P.",2020-12-07,https://www.sec.gov/Archives/edgar/data/859598/0001193125-20-320705-index.htm,false
n-i-c-inc,N I C INC,TYLER TECHNOLOGIES INC,2021-02-10,https://www.sec.gov/Archives/edgar/data/1065332/0001140361-21-008824-index.htm,false
sykes-enterprises-inc,SYKES ENTERPRISES INC,Sitel Group,2021-06-18,https://www.sec.gov/Archives/edgar/data/1010612/0001193125-21-223651-index.htm,false
advent-software-inc,ADVENT SOFTWARE INC,S S & C TECHNOLOGIES HLDGS INC,2015-02-02,https://www.sec.gov/Archives/edgar/data/1002225/0001047469-15-001593-index.htm,false
vonage-holdings-corp,VONAGE HOLDINGS CORP,ERICSSON,2021-11-22,https://www.sec.gov/Archives/edgar/data/1272830/0001193125-22-004990-index.htm,false
u-s-concrete-inc,U S CONCRETE INC,VULCAN MATERIALS CO,2021-06-07,https://www.sec.gov/Archives/edgar/data/1073429/0001193125-21-214153-index.htm,false
iconix-brand-group-inc,ICONIX BRAND GROUP INC,"Lancer Capital, LLC",2021-06-11,https://www.sec.gov/Archives/edgar/data/857737/0001104659-21-088757-index.htm,false
at-home-group-inc,AT HOME GROUP INC,Hellman & Friedman LLC,2021-05-06,https://www.sec.gov/Archives/edgar/data/1646228/0001104659-21-075376-index.htm,false
leaf-group-ltd,LEAF GROUP LTD,GRAHAM HOLDINGS CO,2021-04-05,https://www.sec.gov/Archives/edgar/data/1365038/0001104659-21-062382-index.htm,false
varian-medical-systems-inc,VARIAN MEDICAL SYSTEMS INC,SIEMENS HEALTHINEERS AG,2020-08-02,https://www.sec.gov/Archives/edgar/data/203527/0001193125-20-244789-index.htm,false
acacia-communications-inc,ACACIA COMMUNICATIONS INC,CISCO SYSTEMS INC,2019-07-09,https://www.sec.gov/Archives/edgar/data/1651235/0001193125-19-215521-index.htm,false
mobileiron-inc,MOBILEIRON INC,"IVANTI, INC.",2020-09-28,https://www.sec.gov/Archives/edgar/data/1470099/0001140361-20-023709-index.htm,false
kemet-corp,KEMET CORP,YAGEO CORP.,2019-11-11,https://www.sec.gov/Archives/edgar/data/887730/0001206774-20-000096-index.htm,false
achillion-pharmaceuticals-inc,ACHILLION PHARMACEUTICALS INC,ALEXION PHARMACEUTICALS INC,2019-10-16,https://www.sec.gov/Archives/edgar/data/1070336/0001193125-19-297694-index.htm,false
ultimate-software-group,ULTIMATE SOFTWARE GROUP,UNITE PARET CORP.,2019-02-04,https://www.sec.gov/Archives/edgar/data/1016125/0001140361-19-005654-index.htm,false
sparton-corp,SPARTON CORP,ULTRA ELECTRONIC HOLDINGS PLC,2018-12-12,https://www.sec.gov/Archives/edgar/data/92679/0001193125-17-271966-index.htm,false
zoes-kitchen-inc,ZOES KITCHEN INC,"CAVA GROUP, INC",2018-08-17,https://www.sec.gov/Archives/edgar/data/1594879/0001047469-18-006635-index.htm,false
r-m-g-networks-holding-corp,R M G NETWORKS HOLDING CORP,Sachs Capital Group LP,2018-04-03,https://www.sec.gov/Archives/edgar/data/1512074/0001047469-18-005998-index.htm,false
acquisition-by-the-ceo-so-only-for-shares-that-the-ceo-did-not-own-beforehand-which-corresponds-to-82-of-the-outstanding-shares-of-company-common-stock-ceo-owned-18-of-company-stock-beforehand,"Acquisition by the CEO (so only for shares that the CEO did not own beforehand, which corresponds to 82% of the outstanding shares of Company common stock) (CEO owned 18% of Company stock beforehand)","Affiliate of the CEO, Gregory H. Sachs",2018-04-03,https://www.sec.gov/Archives/edgar/data/1512074/0001047469-18-005998-index.htm,false
orbital-a-t-k-inc,ORBITAL A T K INC,NORTHROP GRUMMAN CORP,2017-09-18,https://www.sec.gov/Archives/edgar/data/866121/0001047469-17-006525-index.htm,false
m-g-c-diagnostics-corp,M G C DIAGNOSTICS CORP,ALTUS CAPITAL PARTNERS,2017-11-27,https://www.sec.gov/Archives/edgar/data/815093/0000930413-17-003888-index.htm,false
lumos-networks-corp,LUMOS NETWORKS CORP,EQT PARTNERS INC.,2017-02-20,https://www.sec.gov/Archives/edgar/data/1520744/0001193125-17-132808-index.htm,false
brocade-communications-sys-inc,BROCADE COMMUNICATIONS SYS INC,BROADCOM LTD,2016-11-02,https://www.sec.gov/Archives/edgar/data/1009626/0001193125-16-797795-index.htm,false
landauer-inc,LANDAUER INC,FORTIVE CORP,2017-09-06,https://www.sec.gov/Archives/edgar/data/825410/0001193125-17-288879-index.htm,false
although-there-was-an-auction-there-is-no-specific-information-on-the-number-of-other-bidders-and-their-nda-bids,"Although there was an auction, there is no specific information on the number of other bidders and their NDA/bids.",FORTIVE CORP,2017-09-06,https://www.sec.gov/Archives/edgar/data/825410/0001193125-17-288879-index.htm,false
xactly-corp,XACTLY CORP,"VISTA EQUITY PARTNERS MANAGEMENT, LLC",2017-05-30,https://www.sec.gov/Archives/edgar/data/1322554/0001193125-17-217331-index.htm,false
span-america-medical-systems-inc,SPAN AMERICA MEDICAL SYSTEMS INC,SAVARIA CORP.,2017-05-01,https://www.sec.gov/Archives/edgar/data/718924/0001133796-17-000070-index.htm,false
mead-johnson-nutrition-co,MEAD JOHNSON NUTRITION CO,RECKITT BENCKISER GROUP PLC,2017-02-01,https://www.sec.gov/Archives/edgar/data/1452575/0001047469-17-002975-index.htm,false
invensense-inc,INVENSENSE INC,TDK CORP.,2016-12-21,https://www.sec.gov/Archives/edgar/data/1294924/0001193125-17-099992-index.htm,false
zeltiq-aesthetics-inc,ZELTIQ AESTHETICS INC,ALLERGAN PLC,2017-02-13,https://www.sec.gov/Archives/edgar/data/1415336/0001193125-17-093823-index.htm,false
harman-intl-inds-inc-new,HARMAN INTL INDS INC NEW,"SAMSUNG ELECTRONICS CO., LTD.",2016-11-14,https://www.sec.gov/Archives/edgar/data/800459/0001193125-17-014190-index.htm,false
blue-nile-inc,BLUE NILE INC,"BAIN CAPITAL PRIVATE EQUITY and BOW STREET, LLC",2016-11-07,https://www.sec.gov/Archives/edgar/data/1091171/0001193125-16-804485-index.htm,false
apollo-education-group-inc,APOLLO EDUCATION GROUP INC,APOLLO GLOBAL MANAGEMENT LLC,2016-02-08,https://www.sec.gov/Archives/edgar/data/929887/0001193125-16-514046-index.htm,false
ingram-micro-inc,INGRAM MICRO INC,HNA GROUP,2016-02-17,https://www.sec.gov/Archives/edgar/data/1018003/0001193125-16-596054-index.htm,false
cvent-inc,CVENT INC,"VISTA EQUITY PARTNERS MANAGEMENT, LLC",2016-04-18,https://www.sec.gov/Archives/edgar/data/1122897/0001193125-16-617930-index.htm,false
rackspace-hosting-inc,RACKSPACE HOSTING INC,APOLLO GLOBAL MANAGEMENT LLC,2016-08-26,https://www.sec.gov/Archives/edgar/data/1107694/0001047469-16-015832-index.htm,false
providence-worcester,PROVIDENCE & WORCESTER RR CO,GENESEE & WYOMING INC,2016-08-15,https://www.sec.gov/Archives/edgar/data/831968/0001193125-16-713780-index.htm,true
medivation,MEDIVATION INC,PFIZER INC,2016-08-22,https://www.sec.gov/Archives/edgar/data/1011835/0001193125-16-696889-index.htm,true
imprivata,IMPRIVATA INC,"THOMA BRAVO, LLC",2016-07-13,https://www.sec.gov/Archives/edgar/data/1328015/0001193125-16-677939-index.htm,true
examworks-group-inc,EXAMWORKS GROUP INC,"LEONARD GREEN & PARTNERS, L.P.",2016-04-27,https://www.sec.gov/Archives/edgar/data/1498021/0001047469-16-013975-index.htm,false
demandware-inc,DEMANDWARE INC,SALESFORCE COM INC,2016-06-01,https://www.sec.gov/Archives/edgar/data/1301031/0001193125-16-618536-index.htm,false
nanosphere-inc,NANOSPHERE INC,LUMINEX CORP,2016-05-16,https://www.sec.gov/Archives/edgar/data/1105184/0001193125-16-610272-index.htm,false
checkpoint-systems-inc,CHECKPOINT SYSTEMS INC,CCL INDUSTRIES INC.,2016-03-02,https://www.sec.gov/Archives/edgar/data/215419/0001193125-16-534615-index.htm,false
powersecure-international-inc,POWERSECURE INTERNATIONAL INC,SOUTHERN CO,2016-02-24,https://www.sec.gov/Archives/edgar/data/882154/0001193125-16-533862-index.htm,false
cleco-corp-new,CLECO CORP NEW,"A consortium of investors, including Macquarie Infrastructure Partners III, L.P., Macquarie Capital Group Limited (UK Branch), British Columbia Investment Management Corporation, John Hancock Financial and other infrastructure investors.",2014-10-20,https://www.sec.gov/Archives/edgar/data/1089819/0001193125-15-009682-index.htm,false
pepco-holdings-inc,PEPCO HOLDINGS INC,EXELON CORP,2014-04-30,https://www.sec.gov/Archives/edgar/data/1135971/0001571049-14-003924-index.htm,false
constant-contact-inc,CONSTANT CONTACT INC,ENDURANCE INTL GROUP HLDGS INC,2015-11-02,https://www.sec.gov/Archives/edgar/data/1405277/0001193125-15-399052-index.htm,false
premiere-global-services-inc,PREMIERE GLOBAL SERVICES INC,"SIRIS CAPITAL GROUP, LLC",2015-09-10,https://www.sec.gov/Archives/edgar/data/880804/0001193125-15-352749-index.htm,false
pericom-semiconductor-corp,PERICOM SEMICONDUCTOR CORP,DIODES INC,2015-09-03,https://www.sec.gov/Archives/edgar/data/1001426/0001193125-15-360289-index.htm,false
adept-technology-inc,ADEPT TECHNOLOGY INC,OMRON,2015-09-16,https://www.sec.gov/Archives/edgar/data/865415/0001047469-15-007494-index.htm,false
polypore-international-inc,POLYPORE INTERNATIONAL INC,ASAHI KASEI CORP.,2015-02-23,https://www.sec.gov/Archives/edgar/data/1292556/0001193125-15-121651-index.htm,false
decided-to-include-it-not-sure-if-this-is-an-auction-there-are-2-purchasers-each-of-which-contacted-initially-engaged-with-the-target-company-individually-and-they-decided-to-work-together-at-the-suggestion-of-the-target-company-no-other-parties-involved,"*(Decided to include it) Not sure if this is an auction: there are 2 purchasers, each of which contacted/initially engaged with the Target Company individually, and they decided to work together at the suggestion of the Target Company. No other parties involved.",ASAHI KASEI CORP.,2015-02-23,https://www.sec.gov/Archives/edgar/data/1292556/0001193125-15-121651-index.htm,false
omnicare-inc,OMNICARE INC,C V S HEALTH CORP,2015-05-21,https://www.sec.gov/Archives/edgar/data/353230/0001047469-15-006208-index.htm,false
informatica-corp,INFORMATICA CORP,PERMIRA ADVISERS LLC and CANADA PENSION PLAN INVESTMENT BOARD,2015-04-07,https://www.sec.gov/Archives/edgar/data/1080099/0001047469-15-004851-index.htm,false
catamaran-corp,CATAMARAN CORP,UNITEDHEALTH GROUP INC,2015-03-30,https://www.sec.gov/Archives/edgar/data/1363851/0001193125-15-216437-index.htm,false
zep,ZEP INC,NEW MOUNTAIN CAPITAL,2015-04-08,https://www.sec.gov/Archives/edgar/data/1408287/0001047469-15-004989-index.htm,true
petsmart-inc,PETSMART INC,"BC Partners, Inc., La Caisse de dÃ©pÃ´t et placement du QuÃ©bec, affiliates of GIC Special Investments Pte Ltd, affiliates of StepStone Group LP and Longview Asset Management, LLC",2014-12-14,https://www.sec.gov/Archives/edgar/data/863157/0001571049-15-000695-index.htm,true
penford,PENFORD CORP,INGREDION INC,2014-10-15,https://www.sec.gov/Archives/edgar/data/739608/0001193125-14-455030-index.htm,true
pike-corp,PIKE CORP,COURT SQUARE CAPITAL PARTNERS,2014-08-04,https://www.sec.gov/Archives/edgar/data/1317577/0001193125-14-416527-index.htm,false
multimedia-games-holding-co-inc,MULTIMEDIA GAMES HOLDING CO INC,GLOBAL CASH ACCESS HOLDINGS INC,2014-09-08,https://www.sec.gov/Archives/edgar/data/896400/0001047469-14-008440-index.htm,false
peregrine-semiconductor-corp,PEREGRINE SEMICONDUCTOR CORP,MURATA MANUFACTURING,2014-08-22,https://www.sec.gov/Archives/edgar/data/880177/0000880177-14-000142-index.htm,false
measurement-specialties-inc,MEASUREMENT SPECIALTIES INC,TE CONNECTIVITIY LTD.,2014-06-18,https://www.sec.gov/Archives/edgar/data/778734/0001144204-14-044781-index.htm,false
pokertek-inc,POKERTEK INC,MULTIMEDIA GAMES HOLDING CO INC,2014-04-30,https://www.sec.gov/Archives/edgar/data/1302177/0001445866-14-000792-index.htm,false
chindex-intl-inc,CHINDEX INTL INC,"TPG CAPITAL, L.P.",2014-02-17,https://www.sec.gov/Archives/edgar/data/922717/0001571049-14-003776-index.htm,false
barry-r-g-corp-ohio,BARRY R G CORP OHIO,"MILL ROAD CAPITAL II, L.P.",2013-09-12,https://www.sec.gov/Archives/edgar/data/749872/0001193125-14-291697-index.htm,false
sport-chalet-inc,SPORT CHALET INC,"VERSA CAPITAL MANAGEMENT, LLC",2014-06-30,https://www.sec.gov/Archives/edgar/data/892907/0001193125-14-296028-index.htm,false
strange-transaction-structure-where-the-deal-price-is-determined-by-target-s-stock-performance,"*Strange transaction structure, where the deal price is determined by Target's stock performance","VERSA CAPITAL MANAGEMENT, LLC",2014-06-30,https://www.sec.gov/Archives/edgar/data/892907/0001193125-14-296028-index.htm,false
l-c-a-vision-inc,L C A VISION INC,PHOTOMEDEX INC,2014-02-13,https://www.sec.gov/Archives/edgar/data/1003130/0001437749-14-004923-index.htm,false
hi-tech-pharmacal-co-inc,HI TECH PHARMACAL CO INC,AKORN INC,2013-08-27,https://www.sec.gov/Archives/edgar/data/887497/0001193125-13-433245-index.htm,false
jones-group-inc,JONES GROUP INC,"SYCAMORE PARTNERS, KOHLBERG KRAVIS ROBERS & CO. L.P.",2013-12-19,https://www.sec.gov/Archives/edgar/data/874016/0001193125-14-086266-index.htm,false
supertex-inc,SUPERTEX INC,MICROCHIP TECHNOLOGY INC,2014-02-10,https://www.sec.gov/Archives/edgar/data/730000/0001193125-14-089738-index.htm,false
material-sciences-corp,MATERIAL SCIENCES CORP,"NEW STAR METALS, INC.",2014-01-09,https://www.sec.gov/Archives/edgar/data/755003/0001193125-14-059806-index.htm,false
performance-technologies-inc,PERFORMANCE TECHNOLOGIES INC,SONUS NETWORKS INC,2013-12-13,https://www.sec.gov/Archives/edgar/data/1003950/0001193125-14-012078-index.htm,false
harris-teeter-supermarkets-inc,HARRIS TEETER SUPERMARKETS INC,KROGER COMPANY,2013-07-09,https://www.sec.gov/Archives/edgar/data/85704/0001145443-13-001729-index.htm,false
mac-gray,MAC GRAY CORP,"CSC SERVICEWORKS, INC.",2013-10-15,https://www.sec.gov/Archives/edgar/data/1038280/0001047469-13-010973-index.htm,true
molex-inc,MOLEX INC,"KOCH INDUSTRIES, INC.",2013-09-09,https://www.sec.gov/Archives/edgar/data/67472/0001047469-13-009677-index.htm,false
national-technical-sys-inc,NATIONAL TECHNICAL SYS INC,AURORA CAPITAL GROUP,2013-08-16,https://www.sec.gov/Archives/edgar/data/110536/0001193125-13-412717-index.htm,false
rochester-medical-corp,ROCHESTER MEDICAL CORP,BARD C R INC,2013-09-04,https://www.sec.gov/Archives/edgar/data/868368/0001047469-13-009613-index.htm,false
saks,SAKS INC,HUDSON'S BAY COMPANy,2013-07-29,https://www.sec.gov/Archives/edgar/data/812900/0001193125-13-390275-index.htm,true
theragenics-corp,THERAGENICS CORP,"JUNIPER INVESTMENT COMPANY, LLC.",2013-05-10,https://www.sec.gov/Archives/edgar/data/795551/0001571049-13-000745-index.htm,false
analysts-international-corp,ANALYSTS INTERNATIONAL CORP,"AMERICAN CYBERSYSTEMS, INC.",2013-08-28,https://www.sec.gov/Archives/edgar/data/6292/0001571049-13-000700-index.htm,false
maidenform-brands-inc,MAIDENFORM BRANDS INC,HANESBRANDS INC,2013-07-24,https://www.sec.gov/Archives/edgar/data/1323531/0001047469-13-008701-index.htm,false
arbitron-inc,ARBITRON INC,NIELSEN HOLDINGS N.V.,2012-12-18,https://www.sec.gov/Archives/edgar/data/109758/0001193125-13-105437-index.htm,false
meade-instruments-corp,MEADE INSTRUMENTS CORP,"NINGBO SUNNY ELECTRONICS CO., LTD",2013-07-16,https://www.sec.gov/Archives/edgar/data/1032067/0001193125-13-337054-index.htm,false
stec,S T E C INC,WESTERN DIGITAL CORP,2013-06-24,https://www.sec.gov/Archives/edgar/data/1102741/0001193125-13-325730-index.htm,true
b-m-c-software-inc,B M C SOFTWARE INC,"Bain Capital, LLC, Golden Gate Private Equity, Inc., Insight Venture Management, LLC, and Westhorpe Investment Pte Ltd.",2013-05-06,https://www.sec.gov/Archives/edgar/data/835729/0001193125-13-269992-index.htm,false
buckeye-technologies-inc,BUCKEYE TECHNOLOGIES INC,GEORGIA-PACIFIC LLC,2013-04-24,https://www.sec.gov/Archives/edgar/data/899597/0001193125-13-285118-index.htm,false
keynote-systems-inc,KEYNOTE SYSTEMS INC,"THOMA BRAVO, LLC",2013-06-24,https://www.sec.gov/Archives/edgar/data/1032761/0001047469-13-007621-index.htm,false
ameristar-casinos-inc,AMERISTAR CASINOS INC,PINNACLE ENTERTAINMENT GROUP INC,2012-12-21,https://www.sec.gov/Archives/edgar/data/912145/0001047469-13-003323-index.htm,false
overhill-farms-inc,OVERHILL FARMS INC,"BELLISIO FOODS, INC.",2013-05-15,https://www.sec.gov/Archives/edgar/data/1101020/0001193125-13-277811-index.htm,false
true-religion-apparel-inc,TRUE RELIGION APPAREL INC,TOWERBROOK CAPITAL PARTNERS,2013-05-10,https://www.sec.gov/Archives/edgar/data/1160858/0001047469-13-007259-index.htm,false
gardner-denver-inc,GARDNER DENVER INC,K K R & CO LP,2013-03-08,https://www.sec.gov/Archives/edgar/data/916459/0001193125-13-257513-index.htm,false
websense-inc,WEBSENSE INC,"VISTA EQUITY PARTNERS FUND IV, L.P.",2013-05-20,https://www.sec.gov/Archives/edgar/data/1098277/0001193125-13-245642-index.htm,false
iparty-corp,IPARTY CORP,PARTY CITY,2013-03-01,https://www.sec.gov/Archives/edgar/data/1078383/0001047469-13-004201-index.htm,false
k-swiss-inc,K SWISS INC,E-LAND WORLD LIMITED,2013-01-16,https://www.sec.gov/Archives/edgar/data/862480/0001437749-13-002873-index.htm,false
zipcar-inc,ZIPCAR INC,AVIS BUDGET GROUP INC,2013-01-02,https://www.sec.gov/Archives/edgar/data/1131457/0001193125-13-036861-index.htm,false
bioclinica-inc,BIOCLINICA INC,JLL PARTNERS INC.,2013-01-30,https://www.sec.gov/Archives/edgar/data/822418/0001047469-13-002076-index.htm,false
heelys-inc,HEELYS INC,"SEQUENTIAL BRANDS GROUP, INC.",2012-12-10,https://www.sec.gov/Archives/edgar/data/1373980/0001140361-12-052583-index.htm,false
versant-corp,VERSANT CORP,ACTIAN CORP.,2012-11-21,https://www.sec.gov/Archives/edgar/data/865917/0000865917-12-000062-index.htm,false
metropolitan-health-networks-inc,METROPOLITAN HEALTH NETWORKS INC,HUMANA INC,2012-11-05,https://www.sec.gov/Archives/edgar/data/1009379/0001193125-12-480049-index.htm,false
j-d-a-software-group-inc,J D A SOFTWARE GROUP INC,"NEW MOUNAIN CAPITAL, LLC. and REDPRAIRIE HOLDING, INC.",2012-11-01,https://www.sec.gov/Archives/edgar/data/1006892/0001193125-12-478035-index.htm,false
physicians-formula-holdings-inc,PHYSICIANS FORMULA HOLDINGS INC,MARKWINS INTERNATIONAL CORP.,2012-09-27,https://www.sec.gov/Archives/edgar/data/1269871/0001104659-12-069114-index.htm,false
medicis-pharmaceutical-corp,MEDICIS PHARMACEUTICAL CORP,VALEANT PHARMACEUTICALS INTL INC,2012-09-03,https://www.sec.gov/Archives/edgar/data/859368/0001193125-12-450354-index.htm,false
dollar-thrifty-automotive-grp-in,DOLLAR THRIFTY AUTOMOTIVE GRP IN,HERTZ GLOBAL HOLDINGS INC,2012-08-27,https://www.sec.gov/Archives/edgar/data/1049108/000104746910007605/a2199941zdefm14a.htm,false
mediware-information-sys-inc,MEDIWARE INFORMATION SYS INC,"THOMA BRAVO, LLC",2012-09-12,https://www.sec.gov/Archives/edgar/data/874733/0001437749-12-010164-index.htm,false
union-drilling-inc,UNION DRILLING INC,"AVISTA CAPITAL PARTNERS III, L.P.",2012-09-25,https://www.sec.gov/Archives/edgar/data/1133260/0001193125-12-418759-index.htm,false
presstek-inc,PRESSTEK INC,"AMERICAN INDUSTRIAL PARTNERS CAPITAL FUND IV, L.P.",2012-08-23,https://www.sec.gov/Archives/edgar/data/846876/0000914760-12-000089-index.htm,false
no-nda-information-for-the-other-bidders,*No NDA information for the other bidders,"AMERICAN INDUSTRIAL PARTNERS CAPITAL FUND IV, L.P.",2012-08-23,https://www.sec.gov/Archives/edgar/data/846876/0000914760-12-000089-index.htm,false
collective-brands-inc,COLLECTIVE BRANDS INC,"WOLVERINE WORLD WIDE INC, BLUM CAPITAL PARNTERS, L.P., GOLDEN GATE CAPITAL",2012-05-01,https://www.sec.gov/Archives/edgar/data/1060232/0001193125-12-307593-index.htm,false
par-pharmaceutical-companies-inc,PAR PHARMACEUTICAL COMPANIES INC,"TPG CAPITAL, L.P.",2012-07-16,https://www.sec.gov/Archives/edgar/data/878088/0001193125-12-368964-index.htm,false
bidz-com-inc,BIDZ COM INC,GLENDON GROUP,2012-05-17,https://www.sec.gov/Archives/edgar/data/1324105/0001047469-12-008523-index.htm,false
integramed-america-inc,INTEGRAMED AMERICA INC,"SAGARD CAPITAL PARTNERS, L.P.",2012-06-11,https://www.sec.gov/Archives/edgar/data/885988/0000891092-12-004757-index.htm,false
allos-therapeutics,ALLOS THERAPEUTICS,SPECTRUM PHARMACEUTICALS INC,2012-04-05,https://www.sec.gov/Archives/edgar/data/1097264/000119312512162973/0001193125-12-162973-index.htm,false
conmed-healthcare-management-inc,CONMED HEALTHCARE MANAGEMENT INC,"AYELET INVESTMENTS, LLC.",2012-07-16,https://www.sec.gov/Archives/edgar/data/943324/0001144204-11-059106-index.htm,false
benihana-inc,BENIHANA INC,"ANGELO, GORDON & CO., L.P.",2012-05-22,https://www.sec.gov/Archives/edgar/data/935226/0001047469-12-007460-index.htm,false
micronetics-inc,MICRONETICS INC,MERCURY COMPUTER SYSTEMS,2012-06-11,https://www.sec.gov/Archives/edgar/data/820097/0001193125-12-298618-index.htm,false
lecroy-corp,LECROY CORP,TELEDYNE TECHNOLOGIES,2012-05-29,https://www.sec.gov/Archives/edgar/data/943580/0001193125-12-294117-index.htm,false
knology-inc,KNOLOGY INC,"AVISTA CAPITAL PARTNERS, L.P.",2012-04-18,https://www.sec.gov/Archives/edgar/data/1096788/0001193125-12-247034-index.htm,false
eresearchtechnology-inc,ERESEARCHTECHNOLOGY INC,"GENSTER CAPITAL PARTNERS VI, L.P.",2012-04-10,https://www.sec.gov/Archives/edgar/data/1026650/0001193125-12-242013-index.htm,false
central-vermont-pub-svc-corp,CENTRAL VERMONT PUB SVC CORP,GAZ METRO,2011-06-23,https://www.sec.gov/Archives/edgar/data/18808/0001214659-11-002911-index.htm,false
ardea-biosciences-inc,ARDEA BIOSCIENCES INC,ASTRAZENECA PLC,2012-04-23,https://www.sec.gov/Archives/edgar/data/1103390/0001193125-12-240706-index.htm,false
d-d-i-corp,D D I CORP,VIASYSTEMS GROUP INC,2012-04-04,https://www.sec.gov/Archives/edgar/data/1104252/0001193125-12-178700-index.htm,false
adams-golf-inc,ADAMS GOLF INC,ADIDAS GROUP,2012-03-19,https://www.sec.gov/Archives/edgar/data/1059763/0001193125-12-212341-index.htm,false
thomas-betts-corp,THOMAS & BETTS CORP,A B B LTD,2012-01-30,https://www.sec.gov/Archives/edgar/data/97854/0001193125-12-144063-index.htm,false
comverge-inc,COMVERGE INC,HIG CAPITAL LLC,2012-03-26,https://www.sec.gov/Archives/edgar/data/1372664/0001193125-12-159071-index.htm,false
seracare-life-sciences-inc-new,SERACARE LIFE SCIENCES INC NEW,LINDEN LLC,2012-02-13,https://www.sec.gov/Archives/edgar/data/1156295/0001144204-12-014522-index.htm,false
magma-design-automation-inc,MAGMA DESIGN AUTOMATION INC,SYNOPSYS INC,2011-11-30,https://www.sec.gov/Archives/edgar/data/1065034/0001193125-12-007186-index.htm,false
demandtec-inc,DEMANDTEC INC,INTERNATIONAL BUSINESS MACHS COR,2011-12-08,https://www.sec.gov/Archives/edgar/data/1400400/0001047469-12-000136-index.htm,false
sonesta-international-hotels-cp,SONESTA INTERNATIONAL HOTELS CP,HOSPITALITY PROPERTIES TRUST,2011-11-03,https://www.sec.gov/Archives/edgar/data/91741/0001140361-11-052949-index.htm,false
rightnow-technologies-inc,RIGHTNOW TECHNOLOGIES INC,ORACLE CORP,2011-10-24,https://www.sec.gov/Archives/edgar/data/1111247/0001193125-11-318451-index.htm,false
99-cents-only-stores,99 CENTS ONLY STORES,"ARES CORPORATE OPPORTUNITIES FUND III, L.P., and  CANADA PENSION INVESTMENT BOARD",2011-10-11,https://www.sec.gov/Archives/edgar/data/1011290/0001047469-11-010031-index.htm,false
american-medical-alert-corp,AMERICAN MEDICAL ALERT CORP,TUNSTALL HEALTHCARE GROUP LIMITED,2011-09-22,https://www.sec.gov/Archives/edgar/data/700721/0001144204-11-065623-index.htm,false
pharmaceutical-product-dev-inc,PHARMACEUTICAL PRODUCT DEV INC,CARLYLE GROUP and HELLMAN & FRIEDMAN,2011-10-03,https://www.sec.gov/Archives/edgar/data/1003124/0001193125-11-285577-index.htm,false
kinetic-concepts-inc,KINETIC CONCEPTS INC,"APAX PARTNERS, L.P., CANADA PENSION PLAN INVESTMENT BOARD, PUBLIC SECTOR PENSION INVESTMENT BOARD",2011-07-13,https://www.sec.gov/Archives/edgar/data/831967/0001193125-11-264607-index.htm,false
clark-holdings-inc,CLARK HOLDINGS INC,"GORES GROUP, LLC",2011-09-01,https://www.sec.gov/Archives/edgar/data/1338401/0001144204-11-056459-index.htm,false
allied-healthcare-intl-inc,ALLIED HEALTHCARE INTL INC,SAGA GROUP LIMITED,2011-07-29,https://www.sec.gov/Archives/edgar/data/890634/0000950123-11-085678-index.htm,false
renaissance-learning-inc,RENAISSANCE LEARNING INC,PERMIRA ADVISERS LLC,2011-08-16,https://www.sec.gov/Archives/edgar/data/1030484/0001193125-11-245988-index.htm,false
cephalon-inc,CEPHALON INC,TEVA PHARMACEUTICAL INDS LTD,2011-05-02,https://www.sec.gov/Archives/edgar/data/873364/0001193125-11-164007-index.htm,false
a-p-a-c-customer-services-inc,A P A C CUSTOMER SERVICES INC,"ONE EQUITY PARTNERS IV, L.P.",2011-07-07,https://www.sec.gov/Archives/edgar/data/949297/0000950123-11-084703-index.htm,false
blackboard-inc,BLACKBOARD INC,"PROVIDENCE EQUITY PARTNERS, L.L.C",2011-07-01,https://www.sec.gov/Archives/edgar/data/1106942/0000950123-11-073809-index.htm,false
gerber-scientific-inc,GERBER SCIENTIFIC INC,VECTOR CAPITAL CORPORATION,2011-06-13,https://www.sec.gov/Archives/edgar/data/41133/0000950123-11-067533-index.htm,false
immucor-inc,IMMUCOR INC,"TPG CAPITAL, L.P.",2011-07-05,https://www.sec.gov/Archives/edgar/data/736822/0001193125-11-189872-index.htm,false
s-r-a-international-inc,S R A INTERNATIONAL INC,"PROVIDENCE EQUITY PARTNERS, L.L.C",2011-04-01,https://www.sec.gov/Archives/edgar/data/906192/0000950123-11-059128-index.htm,false
rural-metro-corp,RURAL METRO CORP,"WARBURG PINCUS, LLC.",2011-03-28,https://www.sec.gov/Archives/edgar/data/906326/0001047469-11-005543-index.htm,false
c-k-x-inc,C K X INC,APOLLO GLOBAL MANAGEMENT LLC,2011-05-10,https://www.sec.gov/Archives/edgar/data/793044/000119312511143123/dex99a1a.htm#rom185071_4,false
la-barge-inc,LA BARGE INC,DUCOMMUN INC DE,2011-04-04,https://www.sec.gov/Archives/edgar/data/57139/0000950123-11-052962-index.htm,false
drugstore-com-inc,DRUGSTORE COM INC,WALGREEN CO,2011-03-24,https://www.sec.gov/Archives/edgar/data/1086467/0001193125-11-118903-index.htm,false
spectrum-control-inc,SPECTRUM CONTROL INC,API TECHNOLOGIES CORP.,2011-03-28,https://www.sec.gov/Archives/edgar/data/92769/0001193125-11-126052-index.htm,false
silverleaf-resorts-inc,SILVERLEAF RESORTS INC,"CERBERUS CAPITAL MANAGEMENT, L.P.",2011-02-03,https://www.sec.gov/Archives/edgar/data/1033032/0001193125-11-100804-index.htm,false
tollgrade-communications-inc,TOLLGRADE COMMUNICATIONS INC,"GOLDEN GATE PRIVATE EQUITY, INC.",2011-02-22,https://www.sec.gov/Archives/edgar/data/1002531/0000950123-11-031705-index.htm,false
novell-inc,NOVELL INC,ATTACHMATE CORP.,2010-11-22,https://www.sec.gov/Archives/edgar/data/758004/0001193125-11-008402-index.htm,false
v-c-g-holding-corp,V C G HOLDING CORP,"Mr. Lowrie, Mr. Ocelloo",2009-11-04,https://www.sec.gov/Archives/edgar/data/1172852/0000950123-11-026872-index.htm,false
answers-corp,ANSWERS CORP,"AFCV HOLDINGS, LLC.",2011-02-03,https://www.sec.gov/Archives/edgar/data/1283073/0001188112-11-000416-index.htm,false
del-monte-foods-co,DEL MONTE FOODS CO,"KOHLBERG KRAVIS ROBERTS & CO. L.P., VESTAR CAPITAL PARTNERS, CETERVIEW PARTNERS",2010-11-25,https://www.sec.gov/Archives/edgar/data/866873/0001193125-11-006263-index.htm,false
b-m-p-sunstone-corp,B M P SUNSTONE CORP,SANOFI AVENTIS,2010-10-28,https://www.sec.gov/Archives/edgar/data/1281696/0001193125-10-268760-index.htm,false
c-p-i-international-inc,C P I INTERNATIONAL INC,"VERITAS CAPITAL FUND MANAGEMENT, L.L.C",2010-11-26,https://www.sec.gov/Archives/edgar/data/1279176/0001047469-11-000072-index.htm,false
lasercard-corporation,LASERCARD CORPORATION,ASSA ABLOY,2010-12-20,https://www.sec.gov/Archives/edgar/data/30140/0001193125-10-286721-index.htm,false
applied-signal-technology,APPLIED SIGNAL TECHNOLOGY,RAYTHEON CO,2010-12-20,https://www.sec.gov/Archives/edgar/data/741696/0000950123-11-003087-index.htm,false
optelecom-n-k-f-inc,OPTELECOM N K F INC,TKH GROUP N.V.,2010-11-11,https://www.sec.gov/Archives/edgar/data/275858/0001047469-10-010505-index.htm,false
commscope-inc,COMMSCOPE INC,THE CARLYLE GROUP,2010-10-25,https://www.sec.gov/Archives/edgar/data/1035884/0001193125-10-274584-index.htm,false
art-technology-group-inc,ART TECHNOLOGY GROUP INC,ORACLE CORP,2010-11-02,https://www.sec.gov/Archives/edgar/data/1086195/0000950123-10-109367-index.htm,false
